amen__,13bbbf1a-e741-39a8-b188-99494767f6cc
it41107,3746a571-d926-3a8a-a700-e05bc933cd27
hita_yt,d91464e3-cad9-3c29-9c98-84f322a6b08f
_tuannub2007,00000000-0000-0000-0009-01f01c72e181
duchung20007,6a43e6d8-bba7-3cfa-8dac-98afe51e7a1d
yunangoo,ff6f2ec5-d60e-334a-b24d-ee96fcc906c2
taolaminh,a02ff89c-dfc4-3e4b-a0aa-712f64795178
nam1234231,962c3a59-6dc2-3f02-b5c7-fa2fdb690650
rbgamers,eee637e2-1ceb-36a1-8ed5-338cb1c818f5
duythai2342,55573cd1-76b4-33d7-b5d5-b21d54dc9849
duytramcam,6b9ea920-d077-3e6f-ab52-3fa07f6b63a7
lilpoww,317feebd-ed45-3981-b68d-c0b05c5779f6
think411,6dbad5c0-3441-35e0-9a60-7d437b94da83
remcqasdbnc,7d01bd71-cc0c-3094-bba0-b9b305e4d9be
gladios1234,2d5d0be0-e48c-3b3a-b769-1b5636e432f6
tuanxxx7,682d3195-0e7c-3caa-82de-df46a6bf0562
minhhhh123,6abba39a-8f1b-3fa6-8dea-55676928463d
dung,bc31e2ea-29f0-31a6-8101-60c4963cb524
memeforlife1,17621f32-57f7-3927-8a88-206e84e01d80
quanprovipp,8a23f48c-7b83-3344-8d9e-c534020c1122
breadoverheaven,c95510fc-f3bb-355a-8521-4d5840ab748b
had2927,3de61039-8684-392c-9255-64f26e5270e3
_bleaklake35911,00000000-0000-0000-0009-01f22f2da5e5
siuuuuuuuuuuuuuu,6da3c009-21a3-3366-87e2-f5b7e6adcc84
phanhai,a7d491c5-31ac-356e-a7fd-f5485b33cab2
chulie,0516aa0c-0ec9-3d3c-b03f-a328bd78fad7
_nn1234231,00000000-0000-0000-0009-01f4995a970e
nn1234231,ccd51fc0-b74f-3fac-942c-26a9e93d1a8e
quysech20007,f69fe52e-bd57-3658-8d39-1f930264a41e
